indmc,eta
0,0.3042109
10,0.374183484
11,0.409221723
13,0.414497761
14,0.163298567
15,0.15255319
16,0.478759058
17,0.411076295
18,0.305224281
19,0.330419656
20,0.408298063
21,0.726934331
22,0.629805692
23,0.227302679
24,0.498023248
25,0.073828349
26,0.942403154
27,0.563210803
28,0.394810561
29,0.585436286
30,0.419534266
31,0.681233715
32,0.290781331
33,0.577771291
